image,xmin,ymin,xmax,ymax
vid_4_720.jpg,0,194.0045396,189.2011662,273.3560311
vid_4_720.jpg,283.8017493,194.0045396,530.6501458,278.7775616